{
  "slug": "ayyuhal-walad",
  "reconciled_at": "2026-05-30T18:31:10.440052Z",
  "in_chars": 178093,
  "out_chars": 111085,
  "section_count": 23,
  "cost_usd": 0.06224
}
